author;gender
A.C. Crispin;Female
Agustina Bazterrica;Female
Akemi Dawn Bowman;Female
Alexandra Bracken;Female
Ally Condie;Female
Amal El-Mohtar;Female
Amie Kaufman;Female
Andre Norton;Female
Ann Aguirre;Female
Ann Leckie;Female
Anna Bowman Dodd;Female
Anna Kavan;Female
Anne McCaffrey;Female
Anne McCaffrey, Mercedes Lackey;Female
Arkady Martine;Female
Audrey Niffenegger;Female
Ayn Rand;Female
Barbara Hambly;Female
Becky Chambers;Female
Beth Revis;Female
C.J. Cherryh;Female
C.L. Moore;Female
C.S. Friedman;Female
Caragh M. O'Brien;Female
Catherine Fisher;Female
Catherine Helen Spence;Female
Catherynne M. Valente;Female
Cecelia Holland;Female
Celeste Ng;Female
Charlie Jane Anders;Female
Charlotte Perkins Gilman;Female
Cherie Priest;Female
Christina Dalcher;Female
Christina Sweeney-Baird;Female
Cicely Hamilton;Female
Claire North;Female
Claudia Gray;Female
Connie Willis;Female
Daphne du Maurier;Female
Diana Wynne Jones;Female
Diane Carey;Female
Diane Cook;Female
Diane Duane;Female
Donna Barba Higuera;Female
Eleanor Cameron;Female
Elizabeth Moon;Female
Ellen MacGregor;Female
Emily Jane;Female
Emily St. John Mandel;Female
Emily Tesh;Female
Emma Straub;Female
Everina Maxwell;Female
Francis Stevens;Female
Gabrielle Korn;Female
Gemma Malley;Female
Ilona Andrews;Female
J.S. Dewes;Female
Jacqueline Harpman;Female
Jael Richardson;Female
Jane Yolen;Female
Jean Hegland;Female
Jean Lorrah;Female
Jeanne DuPrau;Female
Jennifer Egan;Female
Jennifer L. Armentrout;Female
Jessamine Chan;Female
Jessie Mihalik;Female
Jo Harkin;Female
Joan D. Vinge;Female
Joan He;Female
Joan Slonczewski;Female
Joanna Russ;Female
Jodi Taylor;Female
Joelle Charbonneau;Female
Judith Merril;Female
Juli Zeh;Female
Julian May;Female
K.A. Applegate;Female
K.A. Knight;Female
K.M. Szpara;Female
Kage Baker;Female
Kali Wallace;Female
Kaliane Bradley;Female
Karen Thompson Walker;Female
Karin Boye;Female
Kass Morgan;Female
Kate Elliott;Female
Kate Wilhelm;Female
Katharine Burdekin;Female
Katharine McGee;Female
Kathe Koja;Female
Kathy Tyers;Female
Kerstin Gier;Female
Kiera Cass;Female
Kim Liggett;Female
Kristine Kathryn Rusch;Female
L.R. Lam;Female
Laurann Dohner;Female
Lauren Beukes;Female
Lauren DeStefano;Female
Lauren Oliver;Female
Lauren Thoman;Female
Leigh Brackett;Female
Lily Brooks-Dalton;Female
Linden A. Lewis;Female
Lindsay Ellis;Female
Ling Ma;Female
Lissa Price;Female
Lois Lowry;Female
Lois McMaster Bujold;Female
Lydia Millet;Female
M.J. Engh;Female
Madeleine L'Engle;Female
Malka Ann Older;Female
Malorie Blackman;Female
Maren Uthaug;Female
Margaret Atwood;Female
Margaret Peterson Haddix;Female
Marge Piercy;Female
Marie Lu;Female
Marion Zimmer Bradley;Female
Marisa Crane;Female
Marissa Levien;Female
Marissa Meyer;Female
Marlen Haushofer;Female
Marlys Millhiser;Female
Martha Wells;Female
Mary Doria Russell;Female
Mary E. Bradley Lane;Female
Mary E. Pearson;Female
Mary Robinette Kowal;Female
Mary Wollstonecraft Shelley;Female
Meg Rosoff;Female
Megan Angelo;Female
Micaiah Johnson;Female
Mira Grant;Female
Misba;Female
Moira Young;Female
Monica Byrne;Female
Monica Hughes;Female
Mur Lafferty;Female
Muriel Jaeger;Female
N.E. Davenport;Female
N.K. Jemisin;Female
Nalo Hopkinson;Female
Nancy Farmer;Female
Nancy Kress;Female
Naomi Alderman;Female
Naomi Mitchison;Female
Natalie Zina Walschots;Female
Natasha Pulley;Female
Nicola Griffith;Female
Nicole Kornher-Stace;Female
Nikki Erlick;Female
Nnedi Okorafor;Female
Octavia E. Butler;Female
P.D. James;Female
Pamela Sargent;Female
Patricia Kennealy-Morrison;Female
Rachel Ward;Female
Rebecca Stead;Female
Rory Power;Female
Rose Macaulay;Female
Ruby Dixon;Female
S.A. Barnes;Female
S.A. Bodeen;Female
S.B. Divya;Female
S.G. Blaise;Female
Samantha Shannon;Female
Sara Flannery Murphy;Female
Sarah Pinsker;Female
Scarlett Thomas;Female
Sharon Lee;Female
Sheri S. Tepper;Female
Sherrilyn Kenyon;Female
Sierra Greer;Female
Silvia Moreno-Garcia;Female
Sondra Marshak;Female
Stephenie Meyer;Female
Stina Leicht;Female
Storm Constantine;Female
Susan Beth Pfeffer;Female
Suzanne Collins;Female
Suzanne Weyn;Female
Suzanne Young;Female
Suzette Haden Elgin;Female
Sylvia Engdahl;Female
T.A. White;Female
Tahereh Mafi;Female
Tamsyn Muir;Female
Tananarive Due;Female
Tanith Lee;Female
Taylor Caldwell;Female
Thea Beckman;Female
Thea von Harbou;Female
Ursula K. Le Guin;Female
Veronica Rossi;Female
Veronica Roth;Female
Victoria E. Schwab;Female
Victoria Forester;Female
Victoria Schwab;Female
Vonda N. McIntyre;Female
Xiran Jay Zhao;Female
Yume Kitasei;Female
Yōko Ogawa;Female
Zoe Hana Mikuta;Female
louise-lawrence;Female
A. Merritt;Male
A.E. van Vogt;Male
A.G. Riddle;Male
A.R. Merrydew;Male
Adolfo Bioy Casares;Male
Adrian Tchaikovsky;Male
Alan Dean Foster;Male
Alan E. Nourse;Male
Alastair Reynolds;Male
Albert Robida;Male
Aldous Huxley;Male
Aleksey Nikolayevich Tolstoy;Male
Alexander Belyaev;Male
Alexander Key;Male
Alexandr Bogdanov;Male
Alexei Panshin;Male
Alfred Bester;Male
Algis Budrys;Male
Andrew Clements;Male
Andrew Hunter Murray;Male
Andy Weir;Male
Anthony Burgess;Male
Anthony Doerr;Male
Arkady Strugatsky;Male
Arno Schmidt;Male
Arthur C. Clarke;Male
Arthur Conan Doyle;Male
Auguste de Villiers de l'Isle-Adam;Male
Austin Tappan Wright;Male
B.F. Skinner;Male
Barry B. Longyear;Male
Ben Bova;Male
Ben Counter;Male
Bernard Beckett;Male
Bernard Wolfe;Male
Blake Crouch;Male
Blake Savage;Male
Bob Shaw;Male
Brandon Sanderson;Male
Brett Sterling;Male
Brian Freeman;Male
Brian Herbert;Male
Brian W. Aldiss;Male
Bruce Sterling;Male
C. Robert Cargill;Male
C.M. Kornbluth;Male
C.S. Lewis;Male
Calvin Kasulke;Male
Camille Flammarion;Male
Carl Sagan;Male
Chad Oliver;Male
Charles L. Harness;Male
Charles Soule;Male
Charles Stross;Male
China Miéville;Male
Chris Bunch;Male
Chris Hadfield;Male
Christopher Paolini;Male
Christopher Priest;Male
Clifford D. Simak;Male
Clive Barker;Male
Colin Wilson;Male
Cordwainer Smith;Male
Cormac McCarthy;Male
Cory Doctorow;Male
Curt Siodmak;Male
Cyril Judd;Male
D.F. Jones;Male
D.G. Compton;Male
Damon Knight;Male
Dan Abnett;Male
Dan Brown;Male
Dan Simmons;Male
Dan Wells;Male
Daniel F. Galouye;Male
Daniel Keyes;Male
Daniel Kraus;Male
Daniel O'Malley;Male
Daniel Suarez;Male
Dave Eggers;Male
Dave Wolverton;Male
David Brin;Male
David Drake;Male
David Gerrold;Male
David Graham;Male
David Lindsay;Male
David Mitchell;Male
David Weber;Male
David Wong;Male
David Zindell;Male
Dean Koontz;Male
Dennis E. Taylor;Male
Dmitry Glukhovsky;Male
Donald F. Glut;Male
Douglas Adams;Male
Douglas E. Richards;Male
Douglas Preston;Male
Drew Karpyshyn;Male
Dwain Worrell;Male
E.C. Tubb;Male
"E.E. ""Doc"" Smith";Male
E.V. Odle;Male
Eando Binder;Male
Edgar Pangborn;Male
Edgar Rice Burroughs;Male
Edmond Hamilton;Male
Edward Ashton;Male
Edward Bellamy;Male
Edward Bulwer-Lytton;Male
Edward Everett Hale;Male
Edward Shanks;Male
Edwin A. Abbott;Male
Edwin Lester Arnold;Male
Eliot Schrefer;Male
Eoin Colfer;Male
Eric Flint;Male
Eric Frank Russell;Male
Eric S. Nylund;Male
Erle Cox;Male
Ernest Cline;Male
Ernst Jünger;Male
Eugen Richter;Male
Frank Herbert;Male
Frank R. Stockton;Male
Frank Schätzing;Male
Fred Hoyle;Male
Fred Saberhagen;Male
Frederik Pohl;Male
Fredric Brown;Male
Fritz Leiber;Male
Félix J. Palma;Male
G.K. Chesterton;Male
Garrett P. Serviss;Male
Garth Nix;Male
Gene Wolfe;Male
Geoff Ryman;Male
George Alec Effinger;Male
George Allan England;Male
George Chetwynd Griffith;Male
George Lowther;Male
George Lucas;Male
George O. Smith;Male
George Orwell;Male
George R. Stewart;Male
George R.R. Martin;Male
George Tomkyns Chesney;Male
George Tucker;Male
Glen A. Larson;Male
Gordon R. Dickson;Male
Gore Vidal;Male
Graham McNeill;Male
Greg Bear;Male
Greg Egan;Male
Gregory Benford;Male
Gregory Casparian;Male
Guillermo del Toro;Male
Gustave Le Rouge;Male
H. Beam Piper;Male
H. Rider Haggard;Male
H.G. Wells;Male
H.P. Lovecraft;Male
Hal Clement;Male
Hank Green;Male
Harry Harrison;Male
Harry Turtledove;Male
Haruki Murakami;Male
Henry Kuttner;Male
Henry Winterfeld;Male
Hermann Hesse;Male
Hervé Le Tellier;Male
Hugh Howey;Male
Hugo Correa;Male
Hugo Gernsback;Male
Iain Banks;Male
Iain M. Banks;Male
Ian McDonald;Male
Ian Watson;Male
Igor Nikolic;Male
Ira Levin;Male
Isaac Asimov;Male
Ivan Efremov;Male
J.-H. Rosny aîné;Male
J.D. Beresford;Male
J.G. Ballard;Male
J.J. Connington;Male
J.M. Troska;Male
Jack Campbell;Male
Jack Finney;Male
Jack L. Chalker;Male
Jack London;Male
Jack McDevitt;Male
Jack Vance;Male
Jack Williamson;Male
James Blish;Male
James Dashner;Male
James De Mille;Male
James E. Gunn;Male
James Frey, Jobie Hughes;Male
James H. Schmitz;Male
James K. Morrow;Male
James Kahn;Male
James P. Hogan;Male
James Patterson;Male
James S.A. Corey;Male
James Swallow;Male
James White;Male
Jason Pargin;Male
Jasper Fforde;Male
Jay Asher;Male
Jay Williams;Male
Jean de La Hire;Male
Jean-Baptiste Cousin de Grainville;Male
Jeff Long;Male
Jeff Noon;Male
Jeff VanderMeer;Male
Jerry Pournelle;Male
Jim Butcher;Male
Joe Haldeman;Male
Joe Hill;Male
Johan Harstad;Male
John Ames Mitchell;Male
John Brunner;Male
John Christopher;Male
John Crowley;Male
John D. MacDonald;Male
John Hersey;Male
John Jacob Astor IV;Male
John Marrs;Male
John Marsden;Male
John Ringo;Male
John Scalzi;Male
John Steakley;Male
John Taine;Male
John Varley;Male
John W. Campbell Jr.;Male
John Wyndham;Male
Jonathan Lethem;Male
Joseph O'Neill;Male
Josh Malerman;Male
José Saramago;Male
Jules Verne;Male
Justin Cronin;Male
K.W. Jeter;Male
Karel Čapek;Male
Kazuo Ishiguro;Male
Keith Laumer;Male
Keith Roberts;Male
Ken Follett;Male
Ken Grimwood;Male
Kenneth Oppel;Male
Kenneth Robeson;Male
Kevin J. Anderson;Male
Kim Stanley Robinson;Male
Kingsley Amis;Male
Koushun Takami;Male
Kurd Lasswitz;Male
Kurt Vonnegut Jr.;Male
L. Ron Hubbard;Male
L. Sprague de Camp;Male
Lao She;Male
Larry Niven;Male
Laurence Manning;Male
Leonard Wibberley;Male
Lester del Rey;Male
Liu Cixin;Male
Lloyd Biggle Jr.;Male
Louis Slobodkin;Male
Lucius Shepard;Male
M. John Harrison;Male
M.P. Shiel;Male
M.R. Carey;Male
M.R. Forbes;Male
M.T. Anderson;Male
Mark Clifton;Male
Marko Kloos;Male
Matt Bell;Male
Matt Haig;Male
Matthew FitzSimmons;Male
Matthew Woodring Stover;Male
Maurice Leblanc;Male
Maurice Renard;Male
Max Barry;Male
Max Brooks;Male
Max Nowaz;Male
Michael A. Stackpole;Male
Michael Bishop;Male
Michael Chabon;Male
Michael Crichton;Male
Michael Grant;Male
Michael Moorcock;Male
Michael Swanwick;Male
Michel Faber;Male
Mike Chen;Male
Mike Resnick;Male
Mikhail Bulgakov;Male
Mordecai Roshwald;Male
Murray Leinster;Male
Nana Kwame Adjei-Brenyah;Male
Neal Shusterman;Male
Neal Stephenson;Male
Neil Gaiman;Male
Nelson S. Bond;Male
Nevil Shute;Male
Nicholas Binge;Male
Nick Harkaway;Male
Norman Spinrad;Male
Olaf Stapledon;Male
Orson Scott Card;Male
Otis Adelbert Kline;Male
Owen Gregory;Male
Paddy Chayefsky;Male
Paolo Bacigalupi;Male
Pat Frank;Male
Patrick Ness;Male
Paul French;Male
Peter Brown;Male
Peter Bryant;Male
Peter Cawdron;Male
Peter David;Male
Peter F. Hamilton;Male
Peter Heller;Male
Peter Watts;Male
Philip Francis Nowlan;Male
Philip George Chadwick;Male
Philip José Farmer;Male
Philip K. Dick;Male
Philip Pullman;Male
Philip Reeve;Male
Philip Roth;Male
Philip Wylie;Male
Pierce Brown;Male
Pierre Boulle;Male
Piers Anthony;Male
Poul Anderson;Male
R.A. Lafferty;Male
R.A. Salvatore;Male
R.C. Sherriff;Male
Randall Frakes;Male
Ray Bradbury;Male
Ray Nayler;Male
Raymond F. Jones;Male
René Barjavel;Male
Rex Gordon;Male
Richard Bachman;Male
Richard Jefferies;Male
Richard K. Morgan;Male
Richard Matheson;Male
Richard Paul Evans;Male
Richard Powers;Male
Rick Yancey;Male
Rob Grant, Doug Naylor;Male
Rob Hart;Male
Robert A. Heinlein;Male
Robert Bloch;Male
Robert Charles Wilson;Male
Robert Cromie;Male
Robert E. Howard;Male
Robert Graves;Male
Robert Harris;Male
Robert J. Sawyer;Male
Robert L. Forward;Male
Robert Louis Stevenson;Male
Robert Lynn Asprin;Male
Robert McCammon;Male
Robert Merle;Male
Robert Sheckley;Male
Robert Silverberg;Male
Robin Cook;Male
Roderick Gordon;Male
Roger MacBride Allen;Male
Roger Zelazny;Male
Rudy Rucker;Male
Russell Hoban;Male
Ruthven Todd;Male
Régis Messac;Male
S. Fowler Wright;Male
S.M. Stirling;Male
Samuel Butler;Male
Samuel R. Delany;Male
Sarban;Male
Sax Rohmer;Male
Scott Hawkins;Male
Scott Sigler;Male
Scott Westerfeld;Male
Shaun David Hutchinson;Male
Simon Jimenez;Male
Simon R. Green;Male
Skyler Ramirez;Male
Spider Robinson;Male
Stanisław Lem;Male
Stanley G. Weinbaum;Male
Stanton A. Coblentz;Male
Stefan Wul;Male
Stephen Baxter;Male
Stephen King;Male
Stephen Markley;Male
Stephen R. Donaldson;Male
Steve Alten;Male
Steve Perry;Male
Steven Decker;Male
Steven Gould;Male
Steven Spielberg;Male
Stuart Turton;Male
Sylvain Neuvel;Male
Sándor Szathmári;Male
T.J. Bass;Male
T.J. Klune;Male
Tad Williams;Male
Tade Thompson;Male
Ted Hughes;Male
Terry Brooks;Male
Terry Jones;Male
Terry Miles;Male
Terry Nation;Male
Terry Pratchett;Male
Theodore Sturgeon;Male
Thomas M. Disch;Male
Thomas Pynchon;Male
Thomas R. Weaver;Male
Tim Powers;Male
Timothy Zahn;Male
Tochi Onyebuchi;Male
Tom Godwin;Male
Tom McCaffrey;Male
Tom Perrotta;Male
Upton Sinclair;Male
Vercors;Male
Vernor Vinge;Male
Victor Appleton II;Male
Victor Rousseau Emanuel;Male
W.S. Lach-Szyrma;Male
Walter Jon Williams;Male
Walter M. Miller Jr.;Male
Walter Rollin Brooks;Male
Walter Tevis;Male
Ward Moore;Male
William C. Dietz;Male
William Dean Howells;Male
William F. Nolan;Male
William F. Temple;Male
William Gibson;Male
William Henry Hudson;Male
William Hope Hodgson;Male
William Kotzwinkle;Male
William Morris;Male
William R. Forstchen;Male
William Shatner;Male
William Sleator;Male
William Tenn;Male
Wilson Tucker;Male
Yasutaka Tsutsui;Male
Yevgeny Zamyatin;Male
Zack Jordan;Male
Annalee Newitz;Other
Hiron Ennes;Other
Ness Brown;Other
Nino Cipri;Other
Rivers Solomon;Other
Ryka Aoki;Other
Sarah Gailey;Other
